id,Name,titleProject_id,class,score,login,password
1,Папандина Клавдия Яковлевна,304,9в,5,Папандина_КЯ,lAbFNrm8
2,Белагина Галина Андреевна,396,9а,4,Белагина_ГА,SKsBZ3Ce
3,Кижняева Анна Леонидовна,178,7и,2,Кижняева_АЛ,tpGFv0lE
4,Цывин Олег Яковлевич,446,7т,2,Цывин_ОЯ,hcWFYxEK
5,Жидняева Ксения Эдуардовна,373,7х,4,Жидняева_КЭ,3XBfOrCA
6,Липковский Анатолий Иванович,144,10а,2,Липковский_АИ,bhicZMeT
7,Меднова Наталья Богдановна,290,7и,5,Меднова_НБ,YFpBPIcs
8,Житихин Вячеслав Романович,141,9а,5,Житихин_ВР,qmM1CzoY
9,Шеврина Полина Максимовна,33,11а,5,Шеврина_ПМ,HS9LYqFQ
10,Алпеев Валентин Данилович,323,8а,2,Алпеев_ВД,iKX0XRRz
11,Золикова Клара Игоревна,364,10х,2,Золикова_КИ,65CfpsHF
12,Дориков Дмитрий Петрович,296,10г,5,Дориков_ДП,YeiYTzvJ
13,Корабышев Кирилл Михаилович,302,8и,5,Корабышев_КМ,turuw8aa
14,Ростовиков Константин Николаевич,336,10а,2,Ростовиков_КН,oRh8k7Zq
15,Нехаев Дмитрий Фёдорович,129,7х,4,Нехаев_ДФ,VS18yQ7u
16,Зызлова Мария Николаевна,430,8г,3,Зызлова_МН,SWZYisMS
17,Королупов Валерий Тимофеевич,397,10д,5,Королупов_ВТ,MSeg8va9
18,Стенцов Евгений Яковлевич,315,8и,4,Стенцов_ЕЯ,yn89Fqu1
19,Феклисов Константин Виталиевич,270,9т,None,Феклисов_КВ,PXg8Z8O7
20,Синелев Руслан Тимофеевич,300,8и,2,Синелев_РТ,yToTr0AN
21,Опевалова Вера Евгеньевна,473,9д,5,Опевалова_ВЕ,HucilnW0
22,Назерова Вероника Василевна,206,7б,5,Назерова_ВВ,nFRCq8DJ
23,Дименская Светлана Дмитриевна,387,9д,5,Дименская_СД,nNUrCmRZ
24,Ковторева Раиса Василевна,482,9и,2,Ковторева_РВ,lgPReiqo
25,Кулишнин Вячеслав Яковлевич,386,11х,5,Кулишнин_ВЯ,1dAgXqYZ
26,Лексин Кирилл Антонович,139,7в,5,Лексин_КА,uhbzUsFU
27,Лаковский Григорий Василиевич,240,7д,5,Лаковский_ГВ,gmO9R9Yr
28,Барамыкова Александра Алексеевна,106,10а,3,Барамыкова_АА,zsBXkOJC
29,Плясулина Оксана Андреевна,346,8х,2,Плясулина_ОА,PGyLlavC
30,Петрикеев Станислав Яковлевич,14,7и,4,Петрикеев_СЯ,cHurvMDc
31,Моторыгин Илья Георгиевич,238,10и,5,Моторыгин_ИГ,l1YS4SlT
32,Рыков Тарас Павлович,174,10и,5,Рыков_ТП,8IaSeWUo
33,Иончикова Елизавета Егоровна,169,8д,5,Иончикова_ЕЕ,ZGFLxhVv
34,Смолькина Алиса Егоровна,441,7г,5,Смолькина_АЕ,QugCwfyY
35,Оболенин Герасим Павлович,472,7и,4,Оболенин_ГП,G9kGnaym
36,Трощинский Георгий Борисович,67,9д,3,Трощинский_ГБ,CMx2di7X
37,Поддубская Лиза Игоревна,496,10а,4,Поддубская_ЛИ,NdbvJ0s8
38,Телькова Валерия Олеговна,335,7х,4,Телькова_ВО,Wy3P2qws
39,Чигварина Александра Алексеевна,428,10б,2,Чигварина_АА,aV4NzXqy
40,Киреевский Артур Игоревич,119,7в,3,Киреевский_АИ,cmc9COLn
41,Шумейкин Роман Павлович,420,8в,5,Шумейкин_РП,KNU8n4Z3
42,Трушинов Максим Алексиевич,82,8и,4,Трушинов_МА,7zjUdMZI
43,Голюков Денис Сергеевич,62,11б,4,Голюков_ДС,rn0xn4W7
44,Хлиманкова Надежда Валерьевна,461,10б,3,Хлиманкова_НВ,ZJ3vYs1G
45,Кулаженков Алексей Олегович,367,10в,2,Кулаженков_АО,4SkXPE9H
46,Бутукин Владимир Адамович,221,7х,5,Бутукин_ВА,Q3nJ0XKp
47,Поддуев Леонид Олегович,149,9х,4,Поддуев_ЛО,STVioT4m
48,Ревцев Василий Павлович,360,9х,5,Ревцев_ВП,rVu6JybW
49,Старокожев Артём Юрьевич,46,8д,3,Старокожев_АЮ,QOnCSAgc
50,Светошев Максим Михаилович,321,10х,2,Светошев_ММ,Dubb1u2L
51,Старынина Кристина Федоровна,266,9д,3,Старынина_КФ,8MhuuXqr
52,Востров Дмитрий Денисович,282,9г,3,Востров_ДД,N3Lxa7BA
53,Бураханова Анастасия Леонидовна,16,8г,2,Бураханова_АЛ,ROZidpy2
54,Понизов Виктор Кириллович,214,11и,5,Понизов_ВК,fy8KEh9A
55,Суздалев Валерий Алексеевич,66,11т,5,Суздалев_ВА,krbEkVKI
56,Колендин Дмитрий Алексеевич,153,10в,4,Колендин_ДА,DH1AV14g
57,Сулькова Екатерина Андреевна,325,8и,4,Сулькова_ЕА,mUqwfOin
58,Аржевитова Надежда Федоровна,242,10в,2,Аржевитова_НФ,nzNxquFq
59,Крассов Валерий Олегович,201,8х,5,Крассов_ВО,ZcHWey2P
60,Сонураева Инна Андреевна,450,9т,3,Сонураева_ИА,HE68W31o
61,Пашин Роман Вадимович,204,10д,2,Пашин_РВ,VENmO5Tj
62,Фичкина Евгения Федоровна,29,11д,3,Фичкина_ЕФ,I3cK0BDI
63,Свилин Олег Виталиевич,123,8в,2,Свилин_ОВ,HMeDCJdC
64,Рогоцкий Андрей Адамович,142,9в,2,Рогоцкий_АА,tVM16A3N
65,Ахантьев Игорь Валериевич,80,10д,5,Ахантьев_ИВ,PAT79uWc
66,Сочиникова Ксения Кирилловна,100,10д,2,Сочиникова_КК,GAY9e6zA
67,Остюков Артур Романович,329,11и,3,Остюков_АР,McIfjr48
68,Брюкина Оксана Викторовна,98,8в,5,Брюкина_ОВ,AdDq5Xvz
69,Кузовенков Игорь Юрьевич,322,9г,None,Кузовенков_ИЮ,O7m9pc6S
70,Калухов Тарас Иванович,207,11а,3,Калухов_ТИ,SFo9xajD
71,Батыров Пётр Виталиевич,227,7и,3,Батыров_ПВ,O7GaFoax
72,Озрина Катерина Валерьевна,147,10а,4,Озрина_КВ,YW2I7tHw
73,Декалова Полина Леонидовна,470,11д,5,Декалова_ПЛ,VX67hZHY
74,Лосицкий Владимир Кириллович,369,9т,5,Лосицкий_ВК,5JmkY3Cc
75,Магнусов Пётр Максимович,437,7и,5,Магнусов_ПМ,xo3Ee1vc
76,Лавренков Михаил Василиевич,188,9б,2,Лавренков_МВ,9HiYy10O
77,Шушкалова Вероника Алексеевна,411,8т,5,Шушкалова_ВА,TUtCLReP
78,Бороданова Маргарита Дмитриевна,118,7г,5,Бороданова_МД,RGVmDeX3
79,Циркина Виолетта Федоровна,231,9г,2,Циркина_ВФ,8snmaBHX
80,Болохина Екатерина Андреевна,194,11д,3,Болохина_ЕА,FIUcOOve
81,Чукалова Дарья Валерьевна,20,10г,4,Чукалова_ДВ,AHZG04LR
82,Беловолов Степан Петрович,222,9д,2,Беловолов_СП,yttvMFL6
83,Зудейкина Вероника Ивановна,166,8и,3,Зудейкина_ВИ,1Ub4KSqY
84,Макунова Мария Борисовна,47,9в,5,Макунова_МБ,XFvV1UWO
85,Верзанский Геннадий Андреевич,497,7д,5,Верзанский_ГА,woyEyiBN
86,Алтубин Ярослав Леонидович,414,10г,5,Алтубин_ЯЛ,ocrKzzZp
87,Аузин Игорь Алексиевич,435,8х,5,Аузин_ИА,XhXRPIOK
88,Калыгин Степан Тимофеевич,353,8и,2,Калыгин_СТ,54KicHYa
89,Дурныгина Полина Игоревна,72,8и,2,Дурныгина_ПИ,DYx1O55C
90,Антюфеева Александра Вадимовна,347,8и,2,Антюфеева_АВ,ysvrt3F6
91,Лощинский Борис Романович,210,10б,3,Лощинский_БР,NlgNue1f
92,Ходорков Евгений Виталиевич,344,9г,5,Ходорков_ЕВ,taXDzUuH
93,Кафорин Федор Данилович,427,10д,3,Кафорин_ФД,lPUBy9Vn
94,Косынская Алиса Дмитриевна,40,9в,3,Косынская_АД,KuQUvB24
95,Беремцев Артём Антонович,434,11т,2,Беремцев_АА,iZk5h6KZ
96,Влянская Мария Андреевна,490,7т,4,Влянская_МА,t4xdUIsX
97,Мыгеева Лиза Василевна,280,8в,5,Мыгеева_ЛВ,z3n7tdlF
98,Акутникова Мария Алексеевна,173,11в,2,Акутникова_МА,xYSpeAj6
99,Карябкин Константин Максимович,89,7и,2,Карябкин_КМ,Q3bobiXb
100,Прилепина Яна Максимовна,30,10в,5,Прилепина_ЯМ,d0vtzzM6
101,Ведищев Никита Георгиевич,365,7и,5,Ведищев_НГ,9dVwG8vo
102,Самчева Вероника Борисовна,287,10г,3,Самчева_ВБ,WeKcRSEM
103,Пирцхалова Карина Леонидовна,452,10г,5,Пирцхалова_КЛ,j0GQYwZJ
104,Павлочев Денис Борисович,432,11д,5,Павлочев_ДБ,Qx8mqwTP
105,Арашкова Екатерина Евгеньевна,356,8х,None,Арашкова_ЕЕ,EUQhSJf7
106,Байсарова Людмила Василевна,215,11и,2,Байсарова_ЛВ,VG0sOYWG
107,Кудекина Зинаида Игоревна,250,10и,3,Кудекина_ЗИ,tOGw7rKJ
108,Дерналов Виталий Викторович,1,9г,4,Дерналов_ВВ,Qm52EYKm
109,Сазинова Галина Романовна,61,9и,3,Сазинова_ГР,LaNv1z5B
110,Остаченова Марина Эдуардовна,229,9т,5,Остаченова_МЭ,d7ejSC8G
111,Битюкова Яна Егоровна,488,9и,4,Битюкова_ЯЕ,hAkj6Pyh
112,Иваницкий Константин Борисович,232,8д,5,Иваницкий_КБ,9Iu6saq3
113,Белянский Владислав Игоревич,74,11б,5,Белянский_ВИ,x6tWigRh
114,Баранкин Артём Алексеевич,382,9т,2,Баранкин_АА,xK0d4rGb
115,Шкабанова Софья Вадимовна,499,9х,4,Шкабанова_СВ,UuJd96nV
116,Полозлов Денис Адамович,155,8т,3,Полозлов_ДА,LeAPWgA1
117,Жунина Светлана Михайловна,162,8в,3,Жунина_СМ,mU4koThA
118,Пантыкин Борис Игоревич,245,9х,2,Пантыкин_БИ,ijQrhQJY
119,Доутова Марина Богдановна,189,11х,2,Доутова_МБ,XjLDnBgo
120,Трещалова Яна Андреевна,330,8б,3,Трещалова_ЯА,vzm7NRqt
121,Ивашечкин Александр Данилович,390,10т,4,Ивашечкин_АД,xB9zLIUH
122,Мазьянова Инна Богдановна,416,11в,4,Мазьянова_ИБ,JlxJjERT
123,Корогев Николай Евгеньевич,184,8б,5,Корогев_НЕ,I2ASbeiS
124,Заидова Галина Максимовна,88,9т,4,Заидова_ГМ,UNDJmktZ
125,Рамхин Кирилл Алексиевич,459,9х,4,Рамхин_КА,KxjNm85X
126,Кизбабаев Эдуард Фёдорович,415,11т,2,Кизбабаев_ЭФ,HdANHUmS
127,Соурчаков Ярослав Валериевич,268,8б,2,Соурчаков_ЯВ,SfRCRvXx
128,Мотяшева Алена Михайловна,404,7т,2,Мотяшева_АМ,TDIs8gFC
129,Горшкова Наталия Яковлевна,340,11а,2,Горшкова_НЯ,yOTQNIwS
130,Зябрицкий Игорь Виталиевич,332,7а,5,Зябрицкий_ИВ,DOX7uuts
131,Шельдяев Игорь Юриевич,97,7д,5,Шельдяев_ИЮ,KGgxFgu2
132,Шмелькин Максим Викторович,483,9т,5,Шмелькин_МВ,2IjWcAyw
133,Жалкин Алексей Алексеевич,43,7а,3,Жалкин_АА,86mKbkFj
134,Худасов Денис Максимович,70,10д,2,Худасов_ДМ,8RJ6TXJu
135,Швичкова Наталья Эдуардовна,398,7г,4,Швичкова_НЭ,15tJeyKk
136,Едская Жанна Валерьевна,436,11в,4,Едская_ЖВ,dIt6B5AP
137,Поморзина Полина Евгеньевна,122,7д,4,Поморзина_ПЕ,TJ6GGYWb
138,Будачева Кира Олеговна,55,11х,4,Будачева_КО,NtkIRiF8
139,Молкаев Василий Валериевич,216,8д,2,Молкаев_ВВ,IamLXtdb
140,Яцынин Константин Тимофеевич,285,7г,2,Яцынин_КТ,HivwWOx9
141,Маховиков Василий Петрович,391,7х,4,Маховиков_ВП,WPKxnAYh
142,Шаметова Евгения Вадимовна,463,7а,2,Шаметова_ЕВ,YsqqAwrq
143,Законнова Жанна Евгеньевна,442,11и,None,Законнова_ЖЕ,fzOovyhJ
144,Перчихин Аркадий Тимофеевич,164,10т,3,Перчихин_АТ,TKfjXVcn
145,Бурдасова Ксения Игоревна,203,9а,3,Бурдасова_КИ,rFmw6BLW
146,Киссин Степан Иванович,251,7х,5,Киссин_СИ,GDesYjEq
147,Вапилина Мария Егоровна,77,7д,2,Вапилина_МЕ,3TlcVGot
148,Сигутина Дарья Федоровна,458,7б,2,Сигутина_ДФ,iYEhEE0V
149,Сошьяков Альберт Фёдорович,17,7т,4,Сошьяков_АФ,yOMXXk44
150,Лугахина Клара Вадимовна,419,8в,4,Лугахина_КВ,RAMfg5sN
151,Логецкий Анатолий Виталиевич,372,11б,4,Логецкий_АВ,oNsYZ1N4
152,Ковайкова Юлия Егоровна,75,10г,2,Ковайкова_ЮЕ,XwET6fP0
153,Вермутский Валерий Петрович,447,9и,5,Вермутский_ВП,UqDC4q6o
154,Россомахов Олег Юриевич,56,8в,2,Россомахов_ОЮ,bIigoomx
155,Циплакова Екатерина Егоровна,471,9б,5,Циплакова_ЕЕ,U9KfQzFi
156,Квятцева Алла Никитична,138,11в,2,Квятцева_АН,DQXGWpDG
157,Выхухолева Лариса Василевна,384,8б,5,Выхухолева_ЛВ,cycVjhCp
158,Целохов Андрей Вадимович,433,8и,5,Целохов_АВ,vKeZRiAS
159,Бендин Иван Яковлевич,71,8и,4,Бендин_ИЯ,g18nPv6N
160,Лазученков Василий Алексеевич,381,7х,2,Лазученков_ВА,NZHAI9tr
161,Скоропухов Михаил Василиевич,69,10и,3,Скоропухов_МВ,r1fAP8eN
162,Мухонкин Тарас Романович,126,9и,4,Мухонкин_ТР,VXrGTXik
163,Камерцев Владимир Кириллович,303,7а,3,Камерцев_ВК,rUpcuNjk
164,Сандрыкина Анна Олеговна,324,10т,2,Сандрыкина_АО,znPGYGdr
165,Недбайлов Алексей Денисович,15,7т,2,Недбайлов_АД,QG6WnEXD
166,Серпков Ярослав Георгиевич,380,10б,4,Серпков_ЯГ,hN8n45Lw
167,Хатшуклов Аркадий Николаевич,42,11т,4,Хатшуклов_АН,MjTjsjaN
168,Литвалиева Алиса Егоровна,10,11и,3,Литвалиева_АЕ,idMtt8bi
169,Енесина Лиза Валерьевна,293,9б,5,Енесина_ЛВ,YRhXHcVD
170,Пикальков Эдуард Алексиевич,21,8д,5,Пикальков_ЭА,TgDoQFTX
171,Сачинский Валентин Кириллович,125,10т,2,Сачинский_ВК,IoSup2Pn
172,Тарзанова Евгения Аркадьевна,96,9д,2,Тарзанова_ЕА,qTm3UP01
173,Лапундин Юрий Игоревич,267,8и,5,Лапундин_ЮИ,mk0vt8MA
174,Личева Лиза Михайловна,453,9б,3,Личева_ЛМ,QUl0MaoK
175,Смароверов Яков Борисович,131,11в,4,Смароверов_ЯБ,9tqpokjE
176,Вереина Алла Василевна,295,10и,3,Вереина_АВ,iTif01bb
177,Погиблева Дарья Леонидовна,283,9в,5,Погиблева_ДЛ,zmte5DAt
178,Байнова Анастасия Вадимовна,363,7б,3,Байнова_АВ,o9IGU4UF
179,Шиловский Вячеслав Максимович,438,9и,4,Шиловский_ВМ,qZifR7Xt
180,Сыждиков Пётр Василиевич,494,11х,5,Сыждиков_ПВ,hETRd0DJ
181,Каценова Алёна Эдуардовна,165,11т,2,Каценова_АЭ,DrVBRCy8
182,Мужицких Ева Олеговна,348,8х,3,Мужицких_ЕО,yeArGniR
183,Плеснецов Степан Юрьевич,22,10а,2,Плеснецов_СЮ,uM5tw8dL
184,Игумнова Алёна Сергеевна,114,9д,4,Игумнова_АС,UYSHza7E
185,Хадаров Владимир Валериевич,278,11т,5,Хадаров_ВВ,TtC3PVBy
186,Ступакова Кира Ивановна,421,8и,3,Ступакова_КИ,fOXHfSul
187,Шоленинов Федор Максимович,286,11т,4,Шоленинов_ФМ,c7YX87mF
188,Гундаров Руслан Николаевич,158,9д,4,Гундаров_РН,dv8yqrtH
189,Гречишева Марина Андреевна,464,7д,2,Гречишева_МА,kMVKDOYH
190,Утилова Алена Андреевна,253,11д,3,Утилова_АА,FwvwMH4s
191,Роткичева Алиса Максимовна,410,10а,4,Роткичева_АМ,EYRlY5HS
192,Колтышева Марина Вадимовна,87,11г,4,Колтышева_МВ,UfdBRzSY
193,Гурычева Лариса Валерьевна,489,9б,2,Гурычева_ЛВ,DeoIjyVe
194,Горцева Кристина Никитична,246,8и,4,Горцева_КН,PSuVPWcP
195,Кутурин Геннадий Денисович,197,9в,2,Кутурин_ГД,8PyHQRKk
196,Стефанков Яков Евгеньевич,318,10г,3,Стефанков_ЯЕ,9Q5p5NKS
197,Множина Людмила Василевна,90,8б,2,Множина_ЛВ,bh6DoqLK
198,Семисалов Георгий Иванович,316,9в,3,Семисалов_ГИ,1FZleyou
199,Рогалов Альберт Валериевич,327,9б,2,Рогалов_АВ,yKTdwPKx
200,Черетаева Анастасия Олеговна,341,9б,2,Черетаева_АО,TAJ0MqsY
201,Радоминова Любовь Игоревна,25,9и,5,Радоминова_ЛИ,cNWbto6y
202,Шувырина Лиза Андреевна,395,9а,5,Шувырина_ЛА,fbZnAK5N
203,Калиженков Семён Алексеевич,401,11а,4,Калиженков_СА,mD3oUgsq
204,Старокашин Константин Петрович,309,10а,3,Старокашин_КП,swzMNA9p
205,Малтоцов Аркадий Яковлевич,218,8а,3,Малтоцов_АЯ,U0tvlDrN
206,Кузеванова Ева Егоровна,116,7д,2,Кузеванова_ЕЕ,iSQcDlas
207,Нурулина Алёна Егоровна,284,9х,2,Нурулина_АЕ,02c7Nooj
208,Лератов Герасим Сергеевич,374,10а,4,Лератов_ГС,iEwutGEI
209,Людин Руслан Аркадиевич,498,7и,3,Людин_РА,CvKeASxI
210,Пурин Виктор Данилович,154,8и,5,Пурин_ВД,xp7wtmrb
211,Лютов Виктор Юрьевич,288,11г,2,Лютов_ВЮ,yxKeX32O
212,Марюшкина Яна Федоровна,345,10д,5,Марюшкина_ЯФ,BPrxdupd
213,Томилова Кристина Михайловна,492,11б,3,Томилова_КМ,qd1G2OLM
214,Дистерев Валерий Валериевич,24,7г,3,Дистерев_ВВ,vOqLhbOG
215,Дочкин Геннадий Алексиевич,52,11и,5,Дочкин_ГА,1PaKlt9a
216,Иняхин Руслан Сергеевич,234,7и,5,Иняхин_РС,1nORnL3K
217,Знайкова Раиса Егоровна,148,11х,3,Знайкова_РЕ,mdgHPXkO
218,Кашавцев Аркадий Леонидович,58,7а,4,Кашавцев_АЛ,a6SS71Zl
219,Пятернина Кристина Андреевна,445,7и,2,Пятернина_КА,Pqbjwp16
220,Гусеева Карина Викторовна,263,9и,2,Гусеева_КВ,TRAiITxT
221,Кастева Яна Сергеевна,108,7и,2,Кастева_ЯС,EApgcvQ8
222,Гришанин Тарас Павлович,113,10т,2,Гришанин_ТП,f7h5TNOH
223,Грамоткин Илья Викторович,195,8д,5,Грамоткин_ИВ,9Tc54Xwk
224,Мелисин Геннадий Василиевич,465,10г,2,Мелисин_ГВ,jelkoX5J
225,Цинина Светлана Яковлевна,105,11г,5,Цинина_СЯ,VSvH8HzU
226,Петов Георгий Адамович,57,9а,2,Петов_ГА,3bIwtYwq
227,Реева Валентина Максимовна,146,11и,5,Реева_ВМ,cUzaKTPI
228,Слесивых Мария Аркадьевна,35,7и,5,Слесивых_МА,pXvFpHav
229,Афтаева Полина Ивановна,193,10д,5,Афтаева_ПИ,HMsGMkWe
230,Кривицкий Валентин Виталиевич,208,8х,5,Кривицкий_ВВ,pu7V6t5J
231,Чубатов Константин Леонидович,279,11а,4,Чубатов_КЛ,pKMnpQvn
232,Партенков Геннадий Павлович,418,8х,3,Партенков_ГП,ax1bOv1a
233,Черушев Григорий Борисович,84,7г,4,Черушев_ГБ,xuHtltrZ
234,Тютекин Георгий Тимофеевич,262,7а,2,Тютекин_ГТ,X7OFyeM3
235,Янкевский Вячеслав Адамович,167,11г,4,Янкевский_ВА,81MqXXef
236,Сухручкина Клавдия Аркадьевна,177,7в,4,Сухручкина_КА,VD5fvtQ3
237,Конофалова Клара Петровна,95,11д,5,Конофалова_КП,GWdHZ4Rw
238,Лигасов Михаил Павлович,491,11г,4,Лигасов_МП,G12d7VMv
239,Писарьков Альберт Игоревич,313,8в,4,Писарьков_АИ,lyStXgWI
240,Варов Кирилл Иванович,28,8а,5,Варов_КИ,7wTUSROY
241,Пурынов Евгений Петрович,244,9и,3,Пурынов_ЕП,dXjw0gYE
242,Супрутская Вероника Викторовна,187,9а,2,Супрутская_ВВ,lsDbF0DF
243,Скроцкая Алина Федоровна,127,8г,3,Скроцкая_АФ,FE5j3Ejv
244,Барадулин Вадим Юрьевич,281,11х,3,Барадулин_ВЮ,6N0vMDuI
245,Точилин Дмитрий Фёдорович,476,8а,2,Точилин_ДФ,rrBpTfQ7
246,Бикмуллин Руслан Валериевич,333,11т,2,Бикмуллин_РВ,cuPFv2Hf
247,Серпичев Василий Алексиевич,394,10х,5,Серпичев_ВА,M7lJdySQ
248,Вострышев Яков Аркадиевич,343,8г,5,Вострышев_ЯА,HzZQkk1c
249,Грушчева София Евгеньевна,480,11в,None,Грушчева_СЕ,WWdqUvqY
250,Кулапов Александр Юрьевич,109,9б,5,Кулапов_АЮ,RKD23roT
251,Чибисенков Владислав Фёдорович,375,8х,3,Чибисенков_ВФ,WIRPZaCM
252,Утилов Роман Василиевич,254,9х,2,Утилов_РВ,bbqsNMJr
253,Татаурова Галина Федоровна,145,10т,4,Татаурова_ГФ,0Ne028NZ
254,Визавитина Наталия Леонидовна,101,10г,2,Визавитина_НЛ,ZA4sAj2k
255,Мягченков Артём Денисович,115,7б,4,Мягченков_АД,IbDC6OoG
256,Брикова Инна Богдановна,256,9б,4,Брикова_ИБ,2hzJJLYM
257,Наторкин Валентин Данилович,319,7и,2,Наторкин_ВД,02zOISRI
258,Эштрекова Софья Алексеевна,76,9в,3,Эштрекова_СА,LXQ4VjMv
259,Кутаманова Кира Андреевна,182,10т,2,Кутаманова_КА,FzXBcLBF
260,Кыштымова Евгения Эдуардовна,255,8в,5,Кыштымова_ЕЭ,F62AbXMG
261,Ккнязева Клавдия Дмитриевна,34,7б,5,Ккнязева_КД,GHO9Ks5n
262,Глаголина Алиса Никитична,249,9д,2,Глаголина_АН,aJKRYDzM
263,Рисина Раиса Валерьевна,451,10а,4,Рисина_РВ,urAxKDKv
264,Ребров Алексей Георгиевич,289,8и,3,Ребров_АГ,xett05j4
265,Вырысалова Александра Евгеньевна,39,11и,2,Вырысалова_АЕ,1tNN45vl
266,Гомольский Владимир Юриевич,314,11х,5,Гомольский_ВЮ,5iJMW6z1
267,Швинова Марина Федоровна,271,8г,5,Швинова_МФ,auhFM1Sh
268,Рудковская Инна Дмитриевна,6,7т,3,Рудковская_ИД,c7XkCjAv
269,Решеткина Дарья Василевна,408,10и,3,Решеткина_ДВ,AmhSuq0m
270,Евстихеев Игорь Василиевич,422,10х,5,Евстихеев_ИВ,X8JZwgO4
271,Лазарина Алёна Федоровна,161,8б,3,Лазарина_АФ,KEcMKCPe
272,Гляченков Григорий Николаевич,431,10а,5,Гляченков_ГН,dEkyAuJp
273,Чардынцева Алина Вадимовна,135,10д,3,Чардынцева_АВ,ImIg7TEX
274,Скаредов Яков Иванович,337,9т,5,Скаредов_ЯИ,7BfggKvP
275,Юрицкий Эдуард Денисович,192,7д,3,Юрицкий_ЭД,sXwCXSrr
276,Кравчина Светлана Аркадьевна,413,11г,5,Кравчина_СА,vuoahVgv
277,Чмареткова Полина Вадимовна,449,10а,2,Чмареткова_ПВ,btKFR5Ca
278,Углова Галина Романовна,260,9г,3,Углова_ГР,6j6HS3aE
279,Згуровская Виктория Андреевна,220,9т,4,Згуровская_ВА,QbqAbmKF
280,Секерский Станислав Сергеевич,235,10а,4,Секерский_СС,hmqMK0jP
281,Жевайкин Евгений Адамович,86,11г,3,Жевайкин_ЕА,9IbAeiC2
282,Коточигов Семён Игоревич,26,9д,5,Коточигов_СИ,JsGPAROT
283,Калонин Альберт Денисович,297,8б,2,Калонин_АД,h6LSEvrP
284,Валягин Григорий Антонович,94,10в,4,Валягин_ГА,la1gteSs
285,Коцева Кристина Николаевна,412,9г,3,Коцева_КН,pMw1X8tX
286,Голина Кристина Максимовна,3,7х,3,Голина_КМ,Fo5X16FF
287,Батрамеев Анатолий Романович,354,9х,3,Батрамеев_АР,ZYqJNZee
288,Чикмарев Валентин Валериевич,306,9и,5,Чикмарев_ВВ,t9BFrZmC
289,Киницына Валерия Олеговна,202,7х,4,Киницына_ВО,Sj5Pgtck
290,Числин Юрий Денисович,121,7в,2,Числин_ЮД,hy50SCLZ
291,Стебунова Юлия Романовна,358,9т,3,Стебунова_ЮР,H12F1mPQ
292,Кацов Павел Павлович,236,10г,5,Кацов_ПП,CLmoRLse
293,Гоцев Тарас Викторович,41,8в,3,Гоцев_ТВ,kGeQB6HH
294,Мотовицкий Роман Аркадиевич,31,11и,5,Мотовицкий_РА,zSLX9DMc
295,Чурзина Клара Егоровна,308,10б,3,Чурзина_КЕ,GyGIUsH9
296,Щепалкина Валерия Сергеевна,134,9б,4,Щепалкина_ВС,Tqlu54et
297,Утимишев Ярослав Игоревич,239,11а,3,Утимишев_ЯИ,RgHORt9b
298,Алуханов Кирилл Фёдорович,298,7т,2,Алуханов_КФ,trRWZozj
299,Полунеев Валентин Валериевич,307,8и,2,Полунеев_ВВ,EyyEuqmj
300,Крупенова Наталия Андреевна,209,7в,5,Крупенова_НА,AqW3NK6u
301,Корнюшин Илья Юрьевич,44,10т,3,Корнюшин_ИЮ,nhvC3qZ1
302,Паушева Виолетта Никитична,310,8г,4,Паушева_ВН,nZDS1UT3
303,Берзин Герасим Антонович,349,11т,5,Берзин_ГА,lYo1qwp1
304,Шулунова Алла Алексеевна,54,7д,4,Шулунова_АА,cjPbixJD
305,Трепашова София Яковлевна,399,11а,2,Трепашова_СЯ,PGaFmsB8
306,Чумейкин Константин Антонович,8,8б,5,Чумейкин_КА,z1xNhhU5
307,Польшиков Денис Игоревич,495,9и,2,Польшиков_ДИ,nea7qaBa
308,Медоусова Жанна Романовна,252,7б,2,Медоусова_ЖР,G4Pt1lAu
309,Акуратова Клавдия Андреевна,92,9г,5,Акуратова_КА,tpuXljyI
310,Курмеева Елизавета Валерьевна,486,8а,5,Курмеева_ЕВ,Chb6Hlyp
311,Бадов Александр Аркадиевич,217,10г,3,Бадов_АА,ZXHqN0YF
312,Бакушин Эдуард Адамович,265,7б,5,Бакушин_ЭА,VhQ4ZAhq
313,Чебина Инна Сергеевна,273,10т,2,Чебина_ИС,GnD6V0BB
314,Подледнова Наталья Ивановна,112,11и,3,Подледнова_НИ,fpyo2hfs
315,Садгеева Лиза Евгеньевна,460,11г,3,Садгеева_ЛЕ,DFJaxkAF
316,Акушин Борис Павлович,493,9т,2,Акушин_БП,cGuxqJD1
317,Аришев Руслан Кириллович,379,10т,3,Аришев_РК,w8bgxNXE
318,Гуслова Кристина Олеговна,389,9в,2,Гуслова_КО,Ang24dEI
319,Глоточкина Оксана Аркадьевна,370,9и,5,Глоточкина_ОА,e2EyKi0D
320,Шапина Маргарита Романовна,163,8б,5,Шапина_МР,yRIDOrbC
321,Дурылин Георгий Валериевич,261,11т,4,Дурылин_ГВ,YtNvO5dM
322,Болкисева Анна Викторовна,248,7х,4,Болкисева_АВ,eQxmXkbr
323,Багапов Вячеслав Сергеевич,99,7д,4,Багапов_ВС,v5usy02v
324,Люцарева Яна Аркадьевна,376,11б,2,Люцарева_ЯА,XbS80IWy
325,Боготынина София Егоровна,63,11б,5,Боготынина_СЕ,PCduIuNU
326,Саюшкин Игорь Алексиевич,211,11х,5,Саюшкин_ИА,hRQsuRQj
327,Потешных Тамара Николаевна,468,11в,3,Потешных_ТН,JhwXrSGf
328,Незлина Жанна Василевна,426,8б,5,Незлина_ЖВ,AvN5Z1zD
329,Федичева Вероника Кирилловна,37,7х,4,Федичева_ВК,XmarXQ77
330,Пустынкин Вадим Антонович,388,10в,5,Пустынкин_ВА,bBA48FVw
331,Аринакова Ирина Михайловна,150,8в,5,Аринакова_ИМ,HOcHPGUY
332,Обиралкова Мария Егоровна,294,11т,5,Обиралкова_МЕ,LYpkvEq6
333,Аристарова Валентина Максимовна,443,11г,2,Аристарова_ВМ,UKNveH6v
334,Яуров Герасим Юрьевич,38,9а,5,Яуров_ГЮ,UuBzxr8Q
335,Духонькин Вячеслав Фёдорович,2,9в,4,Духонькин_ВФ,GQ6Wya28
336,Гвасков Евгений Михаилович,402,9в,5,Гвасков_ЕМ,dlKjkXKB
337,Жабынина Галина Николаевна,185,7х,5,Жабынина_ГН,q42YcnC9
338,Шерюкова Виолетта Романовна,440,9б,4,Шерюкова_ВР,hdp3xsGV
339,Колокатов Пётр Евгеньевич,484,10в,3,Колокатов_ПЕ,UPWM4JrF
340,Шайдуков Андрей Михаилович,317,9и,4,Шайдуков_АМ,9xMt263J
341,Смирнягина Дарья Игоревна,425,10в,4,Смирнягина_ДИ,xT18PXi3
342,Штырева Ева Олеговна,258,11и,2,Штырева_ЕО,9bY9dwgN
343,Ашукин Вячеслав Михаилович,191,10т,4,Ашукин_ВМ,xsllCncb
344,Рубченкова Галина Алексеевна,190,9в,3,Рубченкова_ГА,maMvCSpi
345,Зархин Иван Алексиевич,478,11и,5,Зархин_ИА,bETlom5H
346,Адиотов Дмитрий Павлович,156,7б,3,Адиотов_ДП,TY8vB526
347,Тищенкова Раиса Валерьевна,79,7д,3,Тищенкова_РВ,jbXMDqp8
348,Лозеев Илья Петрович,205,10д,2,Лозеев_ИП,D3loRWVE
349,Кобяшов Герасим Михаилович,305,11т,2,Кобяшов_ГМ,AaCfIPBN
350,Ронова Клавдия Валерьевна,107,7и,4,Ронова_КВ,GYuhq2tq
351,Стрижнов Алексей Евгеньевич,385,11г,3,Стрижнов_АЕ,SKPl9hc7
352,Волынский Алексей Виталиевич,362,11т,5,Волынский_АВ,zbsQuzOA
353,Машонский Василий Данилович,23,9д,5,Машонский_ВД,JPf3U1ux
354,Буриева Зинаида Аркадьевна,104,11д,4,Буриева_ЗА,ZJqK6mDZ
355,Борщина Алёна Ивановна,377,11а,5,Борщина_АИ,ENSTCQKa
356,Белчков Олег Иванович,275,10а,4,Белчков_ОИ,5SzYMBKz
357,Остропиков Альберт Данилович,157,8г,2,Остропиков_АД,9cSLYkD4
358,Оргонова Любовь Максимовна,264,7б,4,Оргонова_ЛМ,D0TSv4fx
359,Мальков Юрий Евгеньевич,228,7г,3,Мальков_ЮЕ,BPuazRrw
360,Свльхова Наталья Вадимовна,160,9т,5,Свльхова_НВ,LCgbF9z4
361,Мякушков Герасим Леонидович,102,10т,3,Мякушков_ГЛ,N8IO0zQR
362,Межуев Георгий Юриевич,355,8г,4,Межуев_ГЮ,vv9eq70H
363,Чериншев Александр Сергеевич,439,8а,2,Чериншев_АС,SFreuHpM
364,Муниров Алексей Андреевич,117,11г,3,Муниров_АА,nrbsWfVN
365,Климухин Руслан Романович,269,10в,3,Климухин_РР,k5odNa0N
366,Дембская Екатерина Никитична,64,11б,4,Дембская_ЕН,8xpXWyYY
367,Тюнеев Яков Фёдорович,417,10т,2,Тюнеев_ЯФ,jXOm64pH
368,Трушитин Антон Данилович,168,9х,3,Трушитин_АД,CNJ2EShO
369,Балакишиев Роман Алексиевич,143,11х,5,Балакишиев_РА,7kyeMpTs
370,Немтюрева Валерия Аркадьевна,12,10г,4,Немтюрева_ВА,arFAMvoP
371,Складанова Клавдия Аркадьевна,257,9а,3,Складанова_КА,iqgwLq8q
372,Заходина Полина Леонидовна,93,10д,4,Заходина_ПЛ,RqIMBPjW
373,Муринов Анатолий Борисович,171,11б,5,Муринов_АБ,eLSCcaCc
374,Гришалова Любовь Евгеньевна,301,8т,3,Гришалова_ЛЕ,DvsC1Uib
375,Ситчихин Станислав Георгиевич,247,8т,5,Ситчихин_СГ,CHJCSLaB
376,Просяных Георгий Василиевич,366,9в,2,Просяных_ГВ,KGUDxnXm
377,Дзабиев Григорий Георгиевич,259,11д,5,Дзабиев_ГГ,5ee3Vcsr
378,Рыбаулин Григорий Алексеевич,140,11а,5,Рыбаулин_ГА,wpqGhBx0
379,Тупиева Екатерина Ивановна,400,7д,2,Тупиева_ЕИ,tXlX6xnw
380,Куверчева Алена Ивановна,170,10д,3,Куверчева_АИ,4mByjHYx
381,Цаблинова Виктория Богдановна,342,9г,4,Цаблинова_ВБ,dWFvJzUl
382,Синенков Григорий Леонидович,230,9в,5,Синенков_ГЛ,gYVJ1GGl
383,Лизункин Артур Олегович,4,11в,5,Лизункин_АО,rG5uWERO
384,Славущева Александра Эдуардовна,81,8а,5,Славущева_АЭ,wiCw5qGn
385,Шахвердов Дмитрий Антонович,132,11б,2,Шахвердов_ДА,gwU8bFbM
386,Рапацкая Ольга Ивановна,223,10г,3,Рапацкая_ОИ,XC3L1M7O
387,Сторокожев Виталий Аркадиевич,159,9б,2,Сторокожев_ВА,mlhBWHHq
388,Половодов Кирилл Николаевич,18,8т,5,Половодов_КН,VaMZgrcX
389,Халтанова Алена Дмитриевна,49,8б,3,Халтанова_АД,k2cKUUvZ
390,Заложнев Роман Фёдорович,448,8в,4,Заложнев_РФ,YhqdyERP
391,Рыжих Кристина Аркадьевна,213,7а,4,Рыжих_КА,A3K4TGYu
392,Буров Руслан Игоревич,405,11и,5,Буров_РИ,kKyE53gs
393,Гачков Виталий Евгеньевич,277,9т,4,Гачков_ВЕ,AA4avMBU
394,Кадилов Геннадий Борисович,225,10в,3,Кадилов_ГБ,h9fEJSKL
395,Гликина Алёна Эдуардовна,454,9б,3,Гликина_АЭ,diYqvlTR
396,Ичкинина Любовь Андреевна,299,8г,5,Ичкинина_ЛА,KD5vqPCs
397,Мозшорина Кира Дмитриевна,65,8б,3,Мозшорина_КД,4U7LQJtJ
398,Брижеватов Константин Борисович,152,11т,2,Брижеватов_КБ,oSOTZXFs
399,Бучеров Тарас Викторович,429,10д,4,Бучеров_ТВ,CZiQUiZK
400,Мисютина Валерия Эдуардовна,368,9г,2,Мисютина_ВЭ,bXSIz0mO
401,Льянов Федор Вадимович,328,8а,4,Льянов_ФВ,GRkVZD0K
402,Щуркин Георгий Яковлевич,180,8в,4,Щуркин_ГЯ,9DT0ErUI
403,Акулин Федор Адамович,241,10г,4,Акулин_ФА,ka61vcEV
404,Волженкова Екатерина Ивановна,233,9д,4,Волженкова_ЕИ,U5OD0lD8
405,Махометова София Викторовна,424,8и,3,Махометова_СВ,I3GsYdyz
406,Зызлов Геннадий Антонович,274,7в,3,Зызлов_ГА,y7gR7WeM
407,Девляшова Кира Олеговна,51,11д,5,Девляшова_КО,p9nrT78w
408,Яковкина Алена Никитична,320,9т,5,Яковкина_АН,2EO9JuM7
409,Бузулев Вадим Николаевич,331,10д,3,Бузулев_ВН,bHqeNvmK
410,Ганельский Юрий Юриевич,474,9д,3,Ганельский_ЮЮ,s8MocpsO
411,Шкапрова Ева Ивановна,371,7б,5,Шкапрова_ЕИ,T2p5HDOH
412,Чичирин Владимир Георгиевич,11,10а,4,Чичирин_ВГ,zEb2SsHn
413,Шилова Надежда Викторовна,124,9б,2,Шилова_НВ,payyh3Mv
414,Коваев Руслан Михаилович,487,9т,3,Коваев_РМ,F0HUCASO
415,Саверина Надежда Андреевна,407,11б,4,Саверина_НА,VM6y8np6
416,Тишанкин Олег Адамович,334,9д,3,Тишанкин_ОА,r0RE9OvH
417,Широпаев Валерий Сергеевич,406,9б,2,Широпаев_ВС,IKdn3JSv
418,Щепанин Олег Адамович,226,7а,3,Щепанин_ОА,fGja83Fy
419,Оплетин Владислав Аркадиевич,361,10х,4,Оплетин_ВА,wdNGZrDA
420,Оденова Карина Андреевна,409,8и,4,Оденова_КА,jpKOOm9u
421,Семагин Альберт Андреевич,456,10х,4,Семагин_АА,MvVxdRgN
422,Черданцева Анастасия Олеговна,128,8х,3,Черданцева_АО,7ssgO4fP
423,Лонцова Елизавета Эдуардовна,224,7х,3,Лонцова_ЕЭ,TzF3Lm9d
424,Сарсекеева Алёна Никитична,462,11и,4,Сарсекеева_АН,YWmha11A
425,Аковецкий Антон Евгеньевич,500,8б,4,Аковецкий_АЕ,0581LAN0
426,Аратский Станислав Борисович,351,9и,2,Аратский_СБ,hbYFmrR7
427,Чужриков Пётр Денисович,200,9в,3,Чужриков_ПД,Y2xcBZI2
428,Никитшин Алексей Кириллович,111,11и,3,Никитшин_АК,tBrOAAKk
429,Симендяев Василий Алексиевич,45,8д,4,Симендяев_ВА,U6Dq9o0G
430,Ошитков Максим Сергеевич,151,10г,4,Ошитков_МС,4I5U7mer
431,Юрасов Евгений Романович,338,9и,3,Юрасов_ЕР,S4EUdTUC
432,Головяшин Павел Юриевич,179,7г,5,Головяшин_ПЮ,PvGSFhiC
433,Манжурина Екатерина Сергеевна,219,7т,3,Манжурина_ЕС,YlHFL8o9
434,Никурашин Олег Евгеньевич,291,11х,2,Никурашин_ОЕ,4tfhqqzp
435,Бехтерев Федор Вадимович,137,9х,3,Бехтерев_ФВ,SA25BuCa
436,Годлевская Катерина Дмитриевна,403,11г,3,Годлевская_КД,oa7EViGH
437,Акиярова Алина Эдуардовна,9,11а,4,Акиярова_АЭ,iDoEnSE1
438,Милина Алена Петровна,359,8г,3,Милина_АП,gxW1IPz2
439,Воловин Борис Викторович,350,7т,2,Воловин_БВ,9Rh0Pzcd
440,Туморина Ксения Федоровна,133,8б,5,Туморина_КФ,mysuaNlR
441,Желейков Вячеслав Яковлевич,199,8г,3,Желейков_ВЯ,mEsRUz21
442,Шишорнина Екатерина Алексеевна,183,8т,3,Шишорнина_ЕА,HPHFwf7U
443,Юумогулова Виолетта Игоревна,311,10х,3,Юумогулова_ВИ,Sfa2TDBw
444,Рецков Денис Денисович,85,10д,2,Рецков_ДД,7JTANu1H
445,Химунина Елизавета Ивановна,392,7д,2,Химунина_ЕИ,8kNfFSRU
446,Кобрянов Александр Алексиевич,455,7т,2,Кобрянов_АА,BBMPpW1F
447,Бирылов Тарас Данилович,243,11а,3,Бирылов_ТД,tPbMU7F0
448,Туфатулин Ярослав Леонидович,485,8х,4,Туфатулин_ЯЛ,tPxzFgfF
449,Долбишев Николай Аркадиевич,292,10б,5,Долбишев_НА,u5nTwWcL
450,Махтумова Алёна Эдуардовна,186,10б,4,Махтумова_АЭ,g0NKlqPe
451,Нарзаркин Алексей Романович,423,10т,2,Нарзаркин_АР,Odn7piBs
452,Куранина Алена Леонидовна,196,9б,4,Куранина_АЛ,g29565Vo
453,Ситюков Аркадий Евгеньевич,32,10в,3,Ситюков_АЕ,O5DIzTfT
454,Мизюрова Алиса Никитична,176,7г,4,Мизюрова_АН,BT0Lof6S
455,Пандурова Алиса Дмитриевна,130,9б,2,Пандурова_АД,tF6aVtZq
456,Жилейкин Борис Тимофеевич,91,7в,2,Жилейкин_БТ,1l4NxG99
457,Корпункова Виолетта Сергеевна,83,11а,3,Корпункова_ВС,xvTX76nq
458,Пашохонова Анастасия Федоровна,467,9в,4,Пашохонова_АФ,vii9Uhaz
459,Сузальцева Тамара Михайловна,357,8х,4,Сузальцева_ТМ,P0ZwggSS
460,Чиличкина Светлана Яковлевна,5,8в,5,Чиличкина_СЯ,XSySN0fB
461,Шантыкова Карина Максимовна,198,10д,3,Шантыкова_КМ,KygamGfe
462,Недосекин Владислав Яковлевич,457,10а,4,Недосекин_ВЯ,UUXbqf0i
463,Максимкин Федор Фёдорович,172,10г,2,Максимкин_ФФ,DixHA94y
464,Матбиюшина Виктория Игоревна,237,8д,2,Матбиюшина_ВИ,pv4LtcTq
465,Шишкунов Герасим Юрьевич,110,8т,4,Шишкунов_ГЮ,2NLVoH5i
466,Сухинин Георгий Алексиевич,475,10х,4,Сухинин_ГА,5JDO91Tc
467,Бисеева Полина Романовна,48,7д,5,Бисеева_ПР,BOYZkYg9
468,Жукулов Михаил Денисович,60,11г,3,Жукулов_МД,J0qQSBbr
469,Тоняев Герасим Петрович,378,9т,5,Тоняев_ГП,mHeE478H
470,Шушенкова Алёна Олеговна,36,7и,2,Шушенкова_АО,4xJkdgu9
471,Разроев Дмитрий Павлович,59,9а,2,Разроев_ДП,MJqhmQtz
472,Баззаев Анатолий Данилович,339,9д,2,Баззаев_АД,8XD8w8Yu
473,Цекова Алла Олеговна,50,8д,2,Цекова_АО,lPTFR4Nj
474,Аборонова Алиса Алексеевна,444,7г,5,Аборонова_АА,N20iWClF
475,Ягловская Ева Олеговна,181,8в,4,Ягловская_ЕО,jgi5VWlB
476,Шароварова Яна Романовна,175,8а,4,Шароварова_ЯР,ckYOzj6c
477,Общев Яков Викторович,466,8а,4,Общев_ЯВ,r5Yo55l9
478,Ойзерская Катерина Эдуардовна,120,7х,2,Ойзерская_КЭ,VRRh91xt
479,Прусский Ярослав Иванович,479,11б,2,Прусский_ЯИ,JI3Qs3NS
480,Лабинов Павел Алексеевич,272,7б,5,Лабинов_ПА,dtj7zI6B
481,Покровов Эдуард Павлович,312,8б,2,Покровов_ЭП,qI774ggI
482,Мачехин Эдуард Данилович,19,7д,3,Мачехин_ЭД,diUKkjRd
483,Кодорская Раиса Ивановна,27,11б,3,Кодорская_РИ,CcifcgkN
484,Кондраева Марина Ивановна,469,9д,3,Кондраева_МИ,ddkAMzmh
485,Бульенков Валентин Иванович,136,10т,4,Бульенков_ВИ,ku1RMttj
486,Тагакова Вероника Яковлевна,393,8т,4,Тагакова_ВЯ,WYfRNpyZ
487,Гершанова Любовь Евгеньевна,383,11т,5,Гершанова_ЛЕ,yhfE3jtk
488,Салина Алена Егоровна,73,11в,5,Салина_АЕ,4eER9Csk
489,Фрумова Зинаида Аркадьевна,78,8а,4,Фрумова_ЗА,RbzqY8ZZ
490,Хорняков Борис Борисович,13,8г,2,Хорняков_ББ,oh8ceEoT
491,Гдагазина Лиза Василевна,212,9т,5,Гдагазина_ЛВ,JtWjWCtC
492,Агаршев Ярослав Михаилович,276,9т,2,Агаршев_ЯМ,sLeO64XI
493,Корюшин Пётр Антонович,326,8х,2,Корюшин_ПА,2GX48ZjQ
494,Калаев Пётр Алексиевич,68,8а,3,Калаев_ПА,HSqSayoS
495,Ккаталкина Виолетта Егоровна,53,7б,2,Ккаталкина_ВЕ,opmz48kk
496,Рачнов Герасим Алексеевич,103,10а,5,Рачнов_ГА,q0JZYk80
497,Миндубаева Людмила Леонидовна,477,11и,2,Миндубаева_ЛЛ,Nth7JLLc
498,Агафьева Вера Ивановна,352,11х,3,Агафьева_ВИ,HAUkqGq8
499,Житин Эдуард Адамович,481,9а,5,Житин_ЭА,7oN8cCe5
